Datetime,Water Level (m)
2025-05-31 12:00:00,0.46418905
2025-05-31 13:00:00,0.7213988
2025-05-31 14:00:00,0.90043074
2025-05-31 15:00:00,0.99364907
2025-05-31 16:00:00,1.039449
2025-05-31 17:00:00,1.0160068
2025-05-31 18:00:00,0.91985565
2025-05-31 19:00:00,0.81818336
2025-05-31 20:00:00,0.7510455
2025-05-31 21:00:00,0.69695175
2025-05-31 22:00:00,0.6431995
2025-05-31 23:00:00,0.59363294
2025-06-01 00:00:00,0.5614627
2025-06-01 01:00:00,0.6407607
2025-06-01 02:00:00,0.85241354
2025-06-01 03:00:00,1.0549284
2025-06-01 04:00:00,1.1533813
2025-06-01 05:00:00,1.1625818
2025-06-01 06:00:00,1.0730574
2025-06-01 07:00:00,0.94327825
2025-06-01 08:00:00,0.8514336
2025-06-01 09:00:00,0.7796183
2025-06-01 10:00:00,0.72252387
2025-06-01 11:00:00,0.67471623
2025-06-01 12:00:00,0.6651621
2025-06-01 13:00:00,0.7826681
2025-06-01 14:00:00,1.0290921
2025-06-01 15:00:00,1.2336785
2025-06-01 16:00:00,1.3433214
2025-06-01 17:00:00,1.3778851
2025-06-01 18:00:00,1.2985733
2025-06-01 19:00:00,1.1550462
2025-06-01 20:00:00,1.046676
2025-06-01 21:00:00,0.9665889
2025-06-01 22:00:00,0.89962405
2025-06-01 23:00:00,0.83705056
2025-06-02 00:00:00,0.7786275
2025-06-02 01:00:00,0.7367429
2025-06-02 02:00:00,0.7813649
2025-06-02 03:00:00,0.94749445
2025-06-02 04:00:00,1.1431247
2025-06-02 05:00:00,1.2472242
2025-06-02 06:00:00,1.2535168
2025-06-02 07:00:00,1.163581
2025-06-02 08:00:00,1.0502067
2025-06-02 09:00:00,0.9612264
2025-06-02 10:00:00,0.8903156
2025-06-02 11:00:00,0.83039665
2025-06-02 12:00:00,0.7814127
2025-06-02 13:00:00,0.7729171
2025-06-02 14:00:00,0.8876499
2025-06-02 15:00:00,1.1109259
2025-06-02 16:00:00,1.3007175
2025-06-02 17:00:00,1.4121385
2025-06-02 18:00:00,1.438377
2025-06-02 19:00:00,1.3556819
2025-06-02 20:00:00,1.2240173
2025-06-02 21:00:00,1.1239747
2025-06-02 22:00:00,1.0390259
2025-06-02 23:00:00,0.969218
2025-06-03 00:00:00,0.9076637
2025-06-03 01:00:00,0.84969556
2025-06-03 02:00:00,0.8172188
2025-06-03 03:00:00,0.87402505
2025-06-03 04:00:00,1.0469798
2025-06-03 05:00:00,1.2359761
2025-06-03 06:00:00,1.3440864
2025-06-03 07:00:00,1.3696526
2025-06-03 08:00:00,1.2960025
2025-06-03 09:00:00,1.1828617
2025-06-03 10:00:00,1.0917045
2025-06-03 11:00:00,1.0178062
2025-06-03 12:00:00,0.95255303
2025-06-03 13:00:00,0.9032383
2025-06-03 14:00:00,0.8936553
2025-06-03 15:00:00,0.9736041
2025-06-03 16:00:00,1.1467974
2025-06-03 17:00:00,1.3268257
2025-06-03 18:00:00,1.4298491
2025-06-03 19:00:00,1.4514438
2025-06-03 20:00:00,1.3688221
2025-06-03 21:00:00,1.2426388
2025-06-03 22:00:00,1.1455843
2025-06-03 23:00:00,1.067914
2025-06-04 00:00:00,1.0002054
2025-06-04 01:00:00,0.9397645
2025-06-04 02:00:00,0.88460416
2025-06-04 03:00:00,0.85017914
2025-06-04 04:00:00,0.8843035
2025-06-04 05:00:00,1.0239961
2025-06-04 06:00:00,1.2083142
2025-06-04 07:00:00,1.3307729
2025-06-04 08:00:00,1.3749893
2025-06-04 09:00:00,1.3165027
2025-06-04 10:00:00,1.2024535
2025-06-04 11:00:00,1.1131265
2025-06-04 12:00:00,1.027282
2025-06-04 13:00:00,0.961011
2025-06-04 14:00:00,0.9132528
2025-06-04 15:00:00,0.88863385
2025-06-04 16:00:00,0.9222262
2025-06-04 17:00:00,1.0360435
2025-06-04 18:00:00,1.1990865
2025-06-04 19:00:00,1.31305
2025-06-04 20:00:00,1.3402116
2025-06-04 21:00:00,1.272266
2025-06-04 22:00:00,1.1741133
2025-06-04 23:00:00,1.0870092
2025-06-05 00:00:00,1.0127519
2025-06-05 01:00:00,0.949717
2025-06-05 02:00:00,0.89298123
2025-06-05 03:00:00,0.8434322
2025-06-05 04:00:00,0.81405586
2025-06-05 05:00:00,0.85378134
2025-06-05 06:00:00,0.9908806
2025-06-05 07:00:00,1.1743693
2025-06-05 08:00:00,1.2940904
2025-06-05 09:00:00,1.3289237
2025-06-05 10:00:00,1.2672786
2025-06-05 11:00:00,1.1653085
2025-06-05 12:00:00,1.0798042
2025-06-05 13:00:00,1.0097682
2025-06-05 14:00:00,0.947832
2025-06-05 15:00:00,0.9000422
2025-06-05 16:00:00,0.8641448
2025-06-05 17:00:00,0.8715028
2025-06-05 18:00:00,0.9531031
2025-06-05 19:00:00,1.100523
2025-06-05 20:00:00,1.2283341
2025-06-05 21:00:00,1.2712821
2025-06-05 22:00:00,1.2183014
2025-06-05 23:00:00,1.1302567
2025-06-06 00:00:00,1.0483762
2025-06-06 01:00:00,0.97714674
2025-06-06 02:00:00,0.91515374
2025-06-06 03:00:00,0.8613044
2025-06-06 04:00:00,0.81693226
2025-06-06 05:00:00,0.80098385
2025-06-06 06:00:00,0.8635317
2025-06-06 07:00:00,1.0165672
2025-06-06 08:00:00,1.2012162
2025-06-06 09:00:00,1.3192251
2025-06-06 10:00:00,1.3517452
2025-06-06 11:00:00,1.2830766
2025-06-06 12:00:00,1.177611
